Type,Name,Request Count,Failure Count,Median Response Time,Average Response Time,Min Response Time,Max Response Time,Average Content Size,Requests/s,Failures/s,50%,66%,75%,80%,90%,95%,98%,99%,99.9%,99.99%,100%
POST,/api/auth/register [LOAD_TEST],1,0,27.492829016409814,27.492829016409814,27.492829016409814,27.492829016409814,68.0,32.985757540010226,0.0,27,27,27,27,27,27,27,27,27,27,27
,Aggregated,1,0,27.492829016409814,27.492829016409814,27.492829016409814,27.492829016409814,68.0,32.985757540010226,0.0,27,27,27,27,27,27,27,27,27,27,27
